{"schemaVersion":"1.0","appDefinitionTemplate":{"id":"/providers/Microsoft.PowerApps/apps/","type":"Microsoft.PowerApps/apps","tags":{"primaryDeviceWidth":"1535","primaryDeviceHeight":"592","supportsPortrait":"true","supportsLandscape":"true","primaryFormFactor":"Tablet","showStatusBar":"false","publisherVersion":"3.25034.15","minimumRequiredApiVersion":"2.2.0","hasComponent":"false","hasUnlockedComponent":"false","isUnifiedRootApp":"false","sienaVersion":"20250414T173231Z-3.25034.15.0"},"properties":{"appVersion":"2025-04-14T17:32:31Z","lifeCycleId":"Published","createdByClientVersion":{"major":3,"minor":25034,"build":15,"revision":0,"majorRevision":0,"minorRevision":0},"minClientVersion":{"major":3,"minor":25034,"build":15,"revision":0,"majorRevision":0,"minorRevision":0},"backgroundColor":"RGBA(0,176,240,1)","backgroundImageUri":"/11620682590560295968/Nf53ece3a-efe3-4a9d-afdc-8298ba3e360c-logoSmallFile","displayName":"Book Appointment","description":"","commitMessage":"","appUris":{"documentUri":{"value":"/11620682590560295968/N05be32c3-87c2-4945-8c69-ceb54e75aea2-document.msapp"},"imageUris":[],"additionalUris":[{"isSolutionAware":false,"value":"/11620682590560295968/N8e4306f9-9460-43b4-ae83-aaeb8c94720b-identity.json"}]},"createdTime":"0001-01-01T00:00:00Z","lastModifiedTime":"0001-01-01T00:00:00Z","sharedGroupsCount":0,"sharedUsersCount":0,"connectionReferences":{"69d6b470-ce18-465d-bc0a-1eb258711d21":{"id":"3271b805-93ac-4164-8b97-b5e056a5375d","displayName":"SQL Server","runtimePolicyName":"61896660-bd42-417a-a7a0-801ab2799860","executionRestrictions":{"version":2,"modifiedOn":"2025-04-14 17:32:30","appVer":"3.25034.15","apiId":"/providers/microsoft.powerapps/apis/shared_sql","apiVer":2,"policy":"{\"tabularActions\":{\"[dbo].[appointments]\":[\"post\",\"patch\",\"get\"],\"[dbo].[customers]\":[\"post\",\"patch\",\"get\"],\"[dbo].[employee]\":[\"get\"],\"[dbo].[services]\":[\"get\"],\"[dbo].[customerlogin]\":[\"post\",\"patch\",\"get\"],\"[dbo].[cash_payment]\":[\"post\",\"patch\",\"get\"],\"[dbo].[cc_payment]\":[\"post\",\"patch\",\"get\"],\"[dbo].[checktable]\":[\"post\",\"patch\",\"get\"],\"[dbo].[chk_payment]\":[\"post\",\"patch\",\"get\"],\"[dbo].[credit_card]\":[\"post\",\"patch\",\"get\"],\"[dbo].[sale_order]\":[\"post\",\"patch\",\"get\"],\"[dbo].[servicecategories]\":[\"get\"],\"[dbo].[sorder_service]\":[\"post\",\"patch\",\"get\"]},\"serviceActions\":[]}"},"iconUri":"https://conn-afd-prod-endpoint-bmc9bqahasf3grgk.b01.azurefd.net/releases/v1.0.1738/1.0.1738.4134/sql/icon.png","dataSources":["[dbo].[Customers]","Appointments","Customers","Employee","Services","CustomerLogin","Cash_Payment","CC_Payment","CHK_Payment","Credit_Card","Feedback","Order_Promos","POrder_Prod","Products","Promotions","Purchase_Order","ServiceCategories","Sorder_Product","Vendor","Sale_Order","SOrder_Service","CheckTable"],"dependencies":[],"dependents":[],"parameterHints":{},"parameterHintsV2":{},"gatewayObjectIdHint":"4b776946-f431-4354-8e62-246464068b5b","isOnPremiseConnection":true,"sharedConnectionId":"d00cb305-40b7-4294-a541-befd40a5b2a3","bypassConsent":false,"dataSets":{"OUHDLOAN-96,BeutySalon":{"dataSources":{"[dbo].[Customers]":{"tableName":"[dbo].[Customers]"},"Appointments":{"tableName":"[dbo].[Appointments]"},"Customers":{"tableName":"[dbo].[Customers]"},"Employee":{"tableName":"[dbo].[Employee]"},"Services":{"tableName":"[dbo].[Services]"},"CustomerLogin":{"tableName":"[dbo].[CustomerLogin]"},"Cash_Payment":{"tableName":"[dbo].[Cash_Payment]"},"CC_Payment":{"tableName":"[dbo].[CC_Payment]"},"CHK_Payment":{"tableName":"[dbo].[CHK_Payment]"},"Credit_Card":{"tableName":"[dbo].[Credit_Card]"},"Feedback":{"tableName":"[dbo].[Feedback]"},"Order_Promos":{"tableName":"[dbo].[Order_Promos]"},"POrder_Prod":{"tableName":"[dbo].[POrder_Prod]"},"Products":{"tableName":"[dbo].[Products]"},"Promotions":{"tableName":"[dbo].[Promotions]"},"Purchase_Order":{"tableName":"[dbo].[Purchase_Order]"},"ServiceCategories":{"tableName":"[dbo].[ServiceCategories]"},"Sorder_Product":{"tableName":"[dbo].[Sorder_Product]"},"Vendor":{"tableName":"[dbo].[Vendor]"},"Sale_Order":{"tableName":"[dbo].[Sale_Order]"},"SOrder_Service":{"tableName":"[dbo].[SOrder_Service]"},"CheckTable":{"tableName":"[dbo].[CheckTable]"}}}},"apiTier":"Premium","isCustomApiConnection":false,"authenticationType":"windowsAuthentication","actions":["providers/PowerPlatform.Governance/Operations/Read","providers/PowerPlatform.Governance/Operations/Write"],"endpoints":["OUHDLOAN-96,BeutySalon"]}},"databaseReferences":{"default.cds":{"databaseDetails":{"referenceType":"Environmental","environmentName":"default.cds","overrideValues":{"status":"NotSpecified","environmentVariableName":""}},"dataSources":{}}},"almMode":"Environment","performanceOptimizationEnabled":true,"canConsumeAppPass":false,"enableModernRuntimeMode":false,"executionRestrictions":{"isTeamsOnly":false,"dataLossPreventionEvaluationResult":{"status":"Compliant","lastEvaluationDate":"2025-03-26T17:01:37.7928162Z","violations":[],"violationsByPolicy":[],"violationErrorMessage":"The app uses the following connectors: shared_sql."}}},"isAppComponentLibrary":false,"appType":"ClassicCanvasApp","appComponents":[]}}